{"cameraMode":{"drawMode":0,"name":"Shaded","section":"Shading Mode"},"sceneLighting":false,"audioPlay":false,"sceneViewState":{"m_AlwaysRefresh":false,"showFog":true,"showSkybox":false,"showFlares":true,"showImageEffects":true,"showParticleSystems":true,"showVisualEffectGraphs":true,"m_FxEnabled":true},"in2DMode":false,"pivot":{"x":5.728461265563965,"y":8.381414413452149,"z":-6.3803300857543949},"rotation":{"x":-0.00029285551863722503,"y":-0.3163771331310272,"z":0.00009760830289451405,"w":-0.9486484527587891},"size":12.625478744506836,"orthographic":false}