{"cameraMode":{"drawMode":0,"name":"Shaded","section":"Shading Mode"},"sceneLighting":false,"audioPlay":false,"sceneViewState":{"m_AlwaysRefresh":false,"showFog":true,"showSkybox":false,"showFlares":true,"showImageEffects":true,"showParticleSystems":true,"showVisualEffectGraphs":true,"m_FxEnabled":true},"in2DMode":false,"pivot":{"x":-24.309999465942384,"y":1.9700000286102296,"z":-6.540000915527344},"rotation":{"x":0.15109895169734956,"y":0.04538249224424362,"z":-0.007071777246892452,"w":0.9876710772514343},"size":3.10164475440979,"orthographic":false}