{"cameraMode":{"drawMode":0,"name":"Shaded","section":"Shading Mode"},"sceneLighting":false,"audioPlay":false,"sceneViewState":{"m_AlwaysRefresh":false,"showFog":true,"showSkybox":false,"showFlares":true,"showImageEffects":true,"showParticleSystems":true,"showVisualEffectGraphs":true,"m_FxEnabled":true},"in2DMode":false,"pivot":{"x":-0.018845027312636377,"y":0.009666387923061848,"z":-0.013185598887503147},"rotation":{"x":-0.12268804013729096,"y":-0.3052557706832886,"z":0.03969672694802284,"w":-0.9435126781463623},"size":0.3412414491176605,"orthographic":false}